RISK REGISTER — LEGEND & SCORING GUIDE;;;;
── INHERENT RISK SCORE ──;Likelihood (1–3) × Impact (1–3) = 1–9;;;
1–2  ● Low;"Green   — monitor; no urgent action";;;
3–4  ● Low-Medium;Yellow  — schedule remediation;;;
5–6  ● Medium-High;Orange  — priority remediation required;;;
7–9  ● High;Red     — immediate action required;;;
;;;;
── LIKELIHOOD ──;1 = Low  |  2 = Medium  |  3 = High;;;
── IMPACT ──;1 = Low  |  2 = Medium  |  3 = High;;;
;;;;
── TREATMENT OPTIONS ──;;;;
Mitigate;Implement controls to reduce likelihood or impact;;;
Accept;"Acknowledge risk; no action taken (low residual risk)";;;
Transfer;Shift risk to a third party (e.g. insurance, vendor SLA);;;
Avoid;Eliminate the activity that generates the risk;;;
;;;;
── STATUS ──;;;;
Open;"Risk identified; remediation not yet started";;;
In Progress;Remediation underway;;;
Closed;"Control implemented; risk remediated or accepted";;;
;;;;
── SOURCES ──;;;;
POPIA;Protection of Personal Information Act, No. 4 of 2013;;;
SOC 2;AICPA Trust Services Criteria — Security + Availability;;;
;;;;
── OWNERSHIP ──;;;;
Information Officer (IO);CEO (interim, per CC1/Condition 1 recommendation);;;
IT Head;Senior engineering/technical lead — owns technical controls;;;